FILE NAME,MEAN ERROR,RMSE
XGB_LOOCV_4.csv,6.985530129184874,9.16484396177328
XGB_LOOCV_3.csv,4.315074533781042,6.469104892977551
XGB_LOOCV_2.csv,7.1157544155665144,11.91991399007272
XGB_LOOCV_1.csv,6.98359947079856,11.703216142524708
