FILE NAME,MEAN ERROR,RMSE
XGB_LOOCV_4.csv,6.98618271190342,9.164623901572465
XGB_LOOCV_3.csv,4.2954995860263585,6.469260988653839
XGB_LOOCV_2.csv,7.113371285749278,11.920855268692813
XGB_LOOCV_1.csv,7.036723855841548,11.77809764316739
