FILE NAME,AVG TRAIN ERROR (kcal/mol),AVG TEST ERROR (kcal/mol)
XGB_4.csv,6.111211370278157,6.943440339389977
XGB_1.csv,5.39396362180487,6.947951010192474
XGB_2.csv,5.750928368006462,7.019095195147429
XGB_3.csv,0.32789191891960784,4.503271570717718
