FILE NAME,AVG TRAIN ERROR (kcal/mol),AVG TEST ERROR (kcal/mol)
XGB_4.csv,6.107421089955612,6.94112727856942
XGB_1.csv,5.388927401615503,6.991366513370604
XGB_2.csv,5.744642490684355,7.196044010770277
XGB_3.csv,0.3267610305474901,4.509793623271794
